Relacion,Mejor_modelo,Ecuacion,R2
ad_vs_Vmax95,Potencial,"$V_{\mathrm{max}}^{95\%} = 588.35\,a_d^{-0.0347832}$",0.7936
ad_vs_T_interaccion,Lineal,"$T_{\mathrm{int}} = -0.59813\,a_d + 89.8195$",0.0892
ad_vs_Altura_interaccion,Lineal,"$h_{\mathrm{int}} = -0.00903902\,a_d + 1.18215$",0.0875
ad_vs_T95_Vmin,Potencial,"$T_{V_{\mathrm{min}}^{95\%}} = 14.1545\,a_d^{-0.303786}$",0.9196
td_vs_Vmax95,Exponencial,"$V_{\mathrm{max}}^{95\%} = 592.168\,e^{2.79216e-06\,\tau_d}$",0.9984
td_vs_T_interaccion,Logarítmico,"$T_{\mathrm{int}} = 0.0921721\,\ln(\tau_d) + 88.7835$",0.0185
td_vs_Altura_interaccion,Logarítmico,"$h_{\mathrm{int}} = 0.00133421\,\ln(\tau_d) + 1.1671$",0.0167
td_vs_T95_Vmin,Lineal,"$T_{V_{\mathrm{min}}^{95\%}} = 0.000695451\,\tau_d + 14.4534$",0.9964
ad_vs_td,Potencial,"$\tau_d = 2978.75\,a_d^{-0.687811}$",0.9709
